Country,B.G.Namespace,Year,Air.Quality.Network,Air.Quality.Network.Name,Timezone,Air.Quality.Station.EoI.Code,Air.Quality.Station.Nat.Code,Air.Quality.Station.Name,Sampling.Point.Id,Air.Pollutant,Longitude,Latitude,Altitude,Altitude.Unit,Air.Quality.Station.Area,Air.Quality.Station.Type,Operational.Activity.Begin,Operational.Activity.End,Sample.Id,Inlet.Height,Inlet.Height.Unit,Building.Distance,Building.Distance.Unit,Kerb.Distance,Kerb.Distance.Unit,Distance.Source,Distance.Source.Unit,Main.Emission.Sources,Heating.Emissions,Heating.Emissions.Unit,Mobile,Traffic.Emissions,Traffic.Emissions.Unit,Industrial.Emissions,Industrial.Emissions.Unit,Municipality,Dispersion.Local,Dispersion.Regional,Distance.Junction,Distance.Junction.Unit,Heavy.Duty.Fraction,Height.Facades,Street.Width,Traffic.Speed,Traffic.Volume,Process.Id,Process.Activity.Begin,Process.Activity.End,Measurement.Type,Measurement.Method,Other.Measurement.Method,Measurement.Equipment,Other.Measurement.Equipment,Sampling.Method,Other.Sampling.Method,Analytical.Technique,Other.Analytical.Technique,Equivalence.Demonstrated,Demonstration.Report,Detection.Limit,Detection.Limit.Unit,Documentation,QA.Report,Duration,Duration.Unit,Cadence,Cadence.Unit,Source.Data.URL,Imported,NO2
Germany,http://gdi.uba.de/arcgis/rest/services/inspire/DE.UBA.AQD,2025,NET.DE_BB,Landesamt für Umwelt Brandenburg,UTC+01,DEBB053,DEBB053,Hasenholz (Buckow),SPO.DE_DEBB053_Bulk_As_dataGroup3,As,14.01517,52.56389,88,m,rural-regional,background,04/01/2002 00:00:01,,SAM.DE_DEBB053_3,1.5,m,NA,,NA,,NA,,,NA,NA,0,NA,NA,NA,NA,Buckow (Märkische Schweiz),NA,NA,NA,NA,NA,NA,NA,NA,NA,SPP.DE_DEBB053_Bulk_As_passive_deposition-wetdry_ICP_AES_Duration-1month_Cadence-1month,04/01/2002 00:00:01,,passive,,NA,NA,NA,deposition-wetdry,NA,ICP-AES,,ref,,-999,ug.m-2.day-1,http://www.umweltbundesamt.de/luft/missingDocumentation.pdf,http://www.umweltbundesamt.de/luft/QAinPreparation.pdf,1,month,1,month,http://cdr.eionet.europa.eu/de/eu/aqd/d/colatkmnw/envathsw/DE_D_allInOne_metaMeasurements_2025.xml,16/12/2025 14:00:25,9.11027914426267
Germany,http://gdi.uba.de/arcgis/rest/services/inspire/DE.UBA.AQD,2025,NET.DE_BB,Landesamt für Umwelt Brandenburg,UTC+01,DEBB065,DEBB065,Lütte (Belzig),SPO.DE_DEBB065_Bulk_As_dataGroup3,As,12.56139,52.19423,111,m,rural-regional,background,14/02/2003 00:00:01,01/01/2017 00:00:00,SAM.DE_DEBB065_3,1.5,m,NA,,NA,,NA,,,NA,NA,0,NA,NA,NA,NA,Bad Belzig,NA,NA,NA,NA,NA,NA,NA,NA,NA,SPP.DE_DEBB065_Bulk_As_passive_deposition-wetdry_ICP_AES_Duration-1month_Cadence-1month,14/02/2003 00:00:01,01/01/2017 00:00:00,passive,,NA,NA,NA,deposition-wetdry,NA,ICP-AES,,ref,,-999,ug.m-2.day-1,http://www.umweltbundesamt.de/luft/missingDocumentation.pdf,http://www.umweltbundesamt.de/luft/QAinPreparation.pdf,1,month,1,month,http://cdr.eionet.europa.eu/de/eu/aqd/d/colatkmnw/envathsw/DE_D_allInOne_metaMeasurements_2025.xml,16/12/2025 14:00:25,6.568808136213004
Germany,http://gdi.uba.de/arcgis/rest/services/inspire/DE.UBA.AQD,2025,NET.DE_BB,Landesamt für Umwelt Brandenburg,UTC+01,DEBB066,DEBB066,Spreewald,SPO.DE_DEBB066_Bulk_As_dataGroup3,As,14.0569,51.89749,52,m,rural-regional,background,17/04/2003 00:00:01,,SAM.DE_DEBB066_3,1.5,m,NA,,NA,,NA,,,NA,NA,0,NA,NA,NA,NA,Neu Zauche,NA,NA,NA,NA,NA,NA,NA,NA,NA,SPP.DE_DEBB066_Bulk_As_passive_deposition-wetdry_ICP_AES_Duration-1month_Cadence-1month,17/04/2003 00:00:01,,passive,,NA,NA,NA,deposition-wetdry,NA,ICP-AES,,ref,,-999,ug.m-2.day-1,http://www.umweltbundesamt.de/luft/missingDocumentation.pdf,http://www.umweltbundesamt.de/luft/QAinPreparation.pdf,1,month,1,month,http://cdr.eionet.europa.eu/de/eu/aqd/d/colatkmnw/envathsw/DE_D_allInOne_metaMeasurements_2025.xml,16/12/2025 14:00:25,6.242489310065873
Germany,http://gdi.uba.de/arcgis/rest/services/inspire/DE.UBA.AQD,2025,NET.DE_BE,"Senatsverwaltung für Mobilität, Verkehr, Klimaschutz und Umwelt",UTC+01,DEBE027,DEBE027,Berlin Marienfelde,SPO.DE_DEBE027_NO_dataGroup1,NO,13.3681,52.39841,45,m,rural-nearcity,background,01/04/1989 00:00:01,,SAM.DE_DEBE027_1,3.7,m,NA,,NA,,NA,,Industrial Processes,NA,NA,0,NA,NA,NA,NA,Berlin,NA,NA,NA,NA,NA,NA,NA,NA,NA,SPP.DE_DEBE027_NO_automatic_chemi_Duration-30minute,01/04/1989 00:00:01,,automatic,chemi,NA,NA,NA,,NA,,,ref,,-999,ug.m-3,http://www.umweltbundesamt.de/luft/missingDocumentation.pdf,http://www.umweltbundesamt.de/luft/QAinPreparation.pdf,30,minute,1,variable,http://cdr.eionet.europa.eu/de/eu/aqd/d/colatkmnw/envathsw/DE_D_allInOne_metaMeasurements_2025.xml,16/12/2025 14:00:25,13.273496559633028
Germany,http://gdi.uba.de/arcgis/rest/services/inspire/DE.UBA.AQD,2025,NET.DE_BE,"Senatsverwaltung für Mobilität, Verkehr, Klimaschutz und Umwelt",UTC+01,DEBE032,DEBE032,Berlin Grunewald (3.5 m),SPO.DE_DEBE032_NO_dataGroup1,NO,13.22514,52.47319,50,m,rural-nearcity,background,01/10/1986 00:00:01,,SAM.DE_DEBE032_1,3.5,m,NA,,NA,,NA,,,NA,NA,0,NA,NA,NA,NA,Berlin,NA,NA,NA,NA,NA,NA,NA,NA,NA,SPP.DE_DEBE032_NO_automatic_chemi_Duration-30minute,01/10/1986 00:00:01,,automatic,chemi,NA,NA,NA,,NA,,,ref,,-999,ug.m-3,http://www.umweltbundesamt.de/luft/missingDocumentation.pdf,http://www.umweltbundesamt.de/luft/QAinPreparation.pdf,30,minute,1,variable,http://cdr.eionet.europa.eu/de/eu/aqd/d/colatkmnw/envathsw/DE_D_allInOne_metaMeasurements_2025.xml,16/12/2025 14:00:25,11.980110281447445
Germany,http://gdi.uba.de/arcgis/rest/services/inspire/DE.UBA.AQD,2025,NET.DE_BE,"Senatsverwaltung für Mobilität, Verkehr, Klimaschutz und Umwelt",UTC+01,DEBE056,DEBE056,Berlin Friedrichshagen,SPO.DE_DEBE056_NO_dataGroup1,NO,13.64705,52.4477,35,m,rural-nearcity,background,01/02/1994 00:00:01,,SAM.DE_DEBE056_1,3.5,m,NA,,NA,,NA,,,NA,NA,0,NA,NA,NA,NA,Berlin,NA,NA,NA,NA,NA,NA,NA,NA,NA,SPP.DE_DEBE056_NO_automatic_chemi_Duration-30minute,01/02/1994 00:00:01,,automatic,chemi,NA,NA,NA,,NA,,,ref,,-999,ug.m-3,http://www.umweltbundesamt.de/luft/missingDocumentation.pdf,http://www.umweltbundesamt.de/luft/QAinPreparation.pdf,30,minute,1,variable,http://cdr.eionet.europa.eu/de/eu/aqd/d/colatkmnw/envathsw/DE_D_allInOne_metaMeasurements_2025.xml,16/12/2025 14:00:25,12.799010747717555
Germany,http://gdi.uba.de/arcgis/rest/services/inspire/DE.UBA.AQD,2025,NET.DE_BE,"Senatsverwaltung für Mobilität, Verkehr, Klimaschutz und Umwelt",UTC+01,DEBE062,DEBE062,Berlin Frohnau (3.5 m),SPO.DE_DEBE062_NO_dataGroup1,NO,13.29608,52.65327,50,m,rural-nearcity,background,01/02/1996 00:00:01,,SAM.DE_DEBE062_1,3.5,m,NA,,NA,,NA,,,NA,NA,0,NA,NA,NA,NA,Berlin,NA,NA,NA,NA,NA,NA,NA,NA,NA,SPP.DE_DEBE062_NO_automatic_chemi_Duration-30minute,01/02/1996 00:00:01,,automatic,chemi,NA,NA,NA,,NA,,,ref,,-999,ug.m-3,http://www.umweltbundesamt.de/luft/missingDocumentation.pdf,http://www.umweltbundesamt.de/luft/QAinPreparation.pdf,30,minute,1,variable,http://cdr.eionet.europa.eu/de/eu/aqd/d/colatkmnw/envathsw/DE_D_allInOne_metaMeasurements_2025.xml,16/12/2025 14:00:25,11.83089389366148
Germany,http://gdi.uba.de/arcgis/rest/services/inspire/DE.UBA.AQD,2025,NET.DE_BW,"Landesanstalt für Umwelt, Messungen und Naturschutz Baden-Württemberg",UTC+01,DEBW004,DEBW004,Eggenstein,SPO.DE_DEBW004_Bulk_As_dataGroup3,As,8.40666,49.07655,109,m,rural-nearcity,background,01/01/2017 00:00:01,01/01/2018 00:00:00,SAM.DE_DEBW004_3,1.5,m,NA,,NA,,NA,,,NA,NA,0,NA,NA,NA,NA,Eggenstein-Leopoldsh,NA,NA,NA,NA,NA,NA,NA,NA,NA,SPP.DE_DEBW004_Bulk_As_passive_deposition-wetdry_ICP_MS_Duration-1year_Cadence-1month,01/01/2017 00:00:01,01/01/2018 00:00:00,passive,,NA,NA,NA,deposition-wetdry,NA,ICP-MS,,ref,,-999,ug.m-2.day-1,http://www.umweltbundesamt.de/luft/missingDocumentation.pdf,http://www.umweltbundesamt.de/luft/QAinPreparation.pdf,1,year,1,month,http://cdr.eionet.europa.eu/de/eu/aqd/d/colatkmnw/envathsw/DE_D_allInOne_metaMeasurements_2025.xml,16/12/2025 14:00:25,20.49384328358209
Germany,http://gdi.uba.de/arcgis/rest/services/inspire/DE.UBA.AQD,2025,NET.DE_BW,"Landesanstalt für Umwelt, Messungen und Naturschutz Baden-Württemberg",UTC+01,DEBW031,DEBW031,Schwarzwald-Süd,SPO.DE_DEBW031_CHB_dataGroup3,C6H6,7.76453,47.80989,904,m,rural-regional,background,18/04/1997 00:00:01,01/01/2017 00:00:00,SAM.DE_DEBW031_1,3.5,m,NA,,NA,,NA,,,NA,NA,0,NA,NA,NA,NA,MünstertalSchwarzwal,NA,NA,NA,NA,NA,NA,NA,NA,NA,SPP.DE_DEBW031_CHB_passive_passiveadsorbant_GC_FID_Duration-2week_Cadence-14day,18/04/1997 00:00:01,01/01/2017 00:00:00,passive,,NA,NA,NA,passiveadsorbent,NA,GC-FID,,yes,http://cdr.eionet.europa.eu/de/eu/aqd/documents/envunufua/,-999,ug.m-3,http://www.umweltbundesamt.de/luft/missingDocumentation.pdf,http://www.umweltbundesamt.de/luft/QAinPreparation.pdf,2,week,1,variable,http://cdr.eionet.europa.eu/de/eu/aqd/d/colatkmnw/envathsw/DE_D_allInOne_metaMeasurements_2025.xml,16/12/2025 14:00:25,3.4389926030292357
Germany,http://gdi.uba.de/arcgis/rest/services/inspire/DE.UBA.AQD,2025,NET.DE_BW,"Landesanstalt für Umwelt, Messungen und Naturschutz Baden-Württemberg",UTC+01,DEBW087,DEBW087,Schwäbische Alb,SPO.DE_DEBW087_Bulk_As_dataGroup3,As,9.20764,48.34578,798,m,rural-regional,background,01/01/2007 00:00:01,,SAM.DE_DEBW087_3,1.5,m,NA,,NA,,NA,,,NA,NA,0,NA,NA,NA,NA,Sonnenbühl,NA,NA,NA,NA,NA,NA,NA,NA,NA,SPP.DE_DEBW087_Bulk_As_passive_deposition-wetdry_ICP_MS_Duration-1year_Cadence-1month,01/01/2007 00:00:01,,passive,,NA,NA,NA,deposition-wetdry,NA,ICP-MS,,ref,,-999,ug.m-2.day-1,http://www.umweltbundesamt.de/luft/missingDocumentation.pdf,http://www.umweltbundesamt.de/luft/QAinPreparation.pdf,1,year,1,month,http://cdr.eionet.europa.eu/de/eu/aqd/d/colatkmnw/envathsw/DE_D_allInOne_metaMeasurements_2025.xml,16/12/2025 14:00:25,6.540338983050847
Germany,http://gdi.uba.de/arcgis/rest/services/inspire/DE.UBA.AQD,2025,NET.DE_BY,Bayerisches Landesamt für Umwelt,UTC+01,DEBY013,DEBY013,Mehring/Sportplatz,SPO.DE_DEBY013_CHB_dataGroup3,C6H6,12.78139,48.18284,415,m,rural-regional,background,01/01/2013 00:00:01,01/01/2019 00:00:00,SAM.DE_DEBY013_1,3.5,m,NA,,NA,,NA,,,NA,NA,0,NA,NA,NA,NA,Mehring,NA,NA,NA,NA,NA,NA,NA,NA,NA,SPP.DE_DEBY013_CHB_passive_passiveadsorbant_GC_MS_Duration-1month_Cadence-1month,01/01/2013 00:00:01,01/01/2019 00:00:00,passive,,NA,NA,NA,passiveadsorbent,NA,GC-MS,,inprogress,,-999,ug.m-3,http://www.umweltbundesamt.de/luft/missingDocumentation.pdf,http://www.umweltbundesamt.de/luft/QAinPreparation.pdf,1,month,1,month,http://cdr.eionet.europa.eu/de/eu/aqd/d/colatkmnw/envathsw/DE_D_allInOne_metaMeasurements_2025.xml,16/12/2025 14:00:25,14.525675224807095
Germany,http://gdi.uba.de/arcgis/rest/services/inspire/DE.UBA.AQD,2025,NET.DE_BY,Bayerisches Landesamt für Umwelt,UTC+01,DEBY049,DEBY049,Neustadt a.d. Donau/Eining,SPO.DE_DEBY049_NO_dataGroup1,NO,11.77782,48.85321,359,m,rural-regional,background,01/01/1994 00:00:01,,SAM.DE_DEBY049_1,3.5,m,NA,,NA,,NA,,,NA,NA,0,NA,NA,NA,NA,Neustadt a.d. Donau,NA,NA,NA,NA,NA,NA,NA,NA,NA,SPP.DE_DEBY049_NO_automatic_chemi_Duration-30minute,01/01/1994 00:00:01,,automatic,chemi,NA,NA,NA,,NA,,,ref,,-999,ug.m-3,http://www.umweltbundesamt.de/luft/missingDocumentation.pdf,http://www.umweltbundesamt.de/luft/QAinPreparation.pdf,30,minute,1,variable,http://cdr.eionet.europa.eu/de/eu/aqd/d/colatkmnw/envathsw/DE_D_allInOne_metaMeasurements_2025.xml,16/12/2025 14:00:25,11.463015858597547
Germany,http://gdi.uba.de/arcgis/rest/services/inspire/DE.UBA.AQD,2025,NET.DE_BY,Bayerisches Landesamt für Umwelt,UTC+01,DEBY072,DEBY072,Tiefenbach/Altenschneeberg,SPO.DE_DEBY072_NO_dataGroup1,NO,12.54887,49.43846,755,m,rural-regional,background,01/01/1988 00:00:01,,SAM.DE_DEBY072_1,3.5,m,NA,,NA,,NA,,,NA,NA,0,NA,NA,NA,NA,Tiefenbach,NA,NA,NA,NA,NA,NA,NA,NA,NA,SPP.DE_DEBY072_NO_automatic_chemi_Duration-30minute,01/01/1988 00:00:01,,automatic,chemi,NA,NA,NA,,NA,,,ref,,-999,ug.m-3,http://www.umweltbundesamt.de/luft/missingDocumentation.pdf,http://www.umweltbundesamt.de/luft/QAinPreparation.pdf,30,minute,1,variable,http://cdr.eionet.europa.eu/de/eu/aqd/d/colatkmnw/envathsw/DE_D_allInOne_metaMeasurements_2025.xml,16/12/2025 14:00:25,6.553139859103386
Germany,http://gdi.uba.de/arcgis/rest/services/inspire/DE.UBA.AQD,2025,NET.DE_BY,Bayerisches Landesamt für Umwelt,UTC+01,DEBY109,DEBY109,Andechs/Rothenfeld,SPO.DE_DEBY109_CHB_dataGroup3,C6H6,11.22017,47.96875,700,m,rural-regional,background,01/01/2013 00:00:01,01/01/2026 00:00:00,SAM.DE_DEBY109_1,3.5,m,NA,,NA,,NA,,,NA,NA,0,NA,NA,NA,NA,Andechs,NA,NA,NA,NA,NA,NA,NA,NA,NA,SPP.DE_DEBY109_CHB_passive_passiveadsorbant_GC_MS_Duration-1month_Cadence-1month,01/01/2013 00:00:01,01/01/2026 00:00:00,passive,,NA,NA,NA,passiveadsorbent,NA,GC-MS,,inprogress,,-999,ug.m-3,http://www.umweltbundesamt.de/luft/missingDocumentation.pdf,http://www.umweltbundesamt.de/luft/QAinPreparation.pdf,1,month,1,month,http://cdr.eionet.europa.eu/de/eu/aqd/d/colatkmnw/envathsw/DE_D_allInOne_metaMeasurements_2025.xml,16/12/2025 14:00:25,7.135127713220961
Germany,http://gdi.uba.de/arcgis/rest/services/inspire/DE.UBA.AQD,2025,NET.DE_BY,Bayerisches Landesamt für Umwelt,UTC+01,DEBY122,DEBY122,Bad Hindelang/Unterjoch,SPO.DE_DEBY122_NO_dataGroup1,NO,10.43655,47.54108,1056,m,rural-regional,background,21/06/2010 00:00:01,,SAM.DE_DEBY122_1,3.3,m,NA,,NA,,NA,,,NA,NA,0,NA,NA,NA,NA,Bad Hindelang,NA,NA,NA,NA,NA,NA,NA,NA,NA,SPP.DE_DEBY122_NO_automatic_chemi_Duration-30minute,21/06/2010 00:00:01,,automatic,chemi,NA,NA,NA,,NA,,,ref,,-999,ug.m-3,http://www.umweltbundesamt.de/luft/missingDocumentation.pdf,http://www.umweltbundesamt.de/luft/QAinPreparation.pdf,30,minute,1,variable,http://cdr.eionet.europa.eu/de/eu/aqd/d/colatkmnw/envathsw/DE_D_allInOne_metaMeasurements_2025.xml,16/12/2025 14:00:25,7.020689186062478
Germany,http://gdi.uba.de/arcgis/rest/services/inspire/DE.UBA.AQD,2025,NET.DE_BY,Bayerisches Landesamt für Umwelt,UTC+01,DEBY124,DEBY124,Burgbernheim/Grüne Au,SPO.DE_DEBY124_NO_dataGroup1,NO,10.325,49.44406,362,m,rural-regional,background,01/01/2012 00:00:01,,SAM.DE_DEBY124_1,3.5,m,NA,,NA,,NA,,,NA,NA,0,NA,NA,NA,NA,Burgbernheim,NA,NA,NA,NA,NA,NA,NA,NA,NA,SPP.DE_DEBY124_NO_automatic_chemi_Duration-30minute,01/01/2012 00:00:01,,automatic,chemi,NA,NA,NA,,NA,,,ref,,-999,ug.m-3,http://www.umweltbundesamt.de/luft/missingDocumentation.pdf,http://www.umweltbundesamt.de/luft/QAinPreparation.pdf,30,minute,1,variable,http://cdr.eionet.europa.eu/de/eu/aqd/d/colatkmnw/envathsw/DE_D_allInOne_metaMeasurements_2025.xml,16/12/2025 14:00:25,12.012724618659988
Germany,http://gdi.uba.de/arcgis/rest/services/inspire/DE.UBA.AQD,2025,NET.DE_BY,Bayerisches Landesamt für Umwelt,UTC+01,DEBY196,DEBY196,Garmisch-Partenkirchen/Wasserwerk,SPO.DE_DEBY196_NO_dataGroup1,NO,11.05735,47.47701,732,m,rural-nearcity,background,01/01/2016 00:00:01,,SAM.DE_DEBY196_1,3.5,m,NA,,NA,,NA,,,NA,NA,0,NA,NA,NA,NA,Garmisch-Partenkirch,NA,NA,NA,NA,NA,NA,NA,NA,NA,SPP.DE_DEBY196_NO_automatic_chemi_Duration-30minute,01/01/2016 00:00:01,,automatic,chemi,NA,NA,NA,,NA,,,ref,,-999,ug.m-3,http://www.umweltbundesamt.de/luft/missingDocumentation.pdf,http://www.umweltbundesamt.de/luft/QAinPreparation.pdf,30,minute,1,variable,http://cdr.eionet.europa.eu/de/eu/aqd/d/colatkmnw/envathsw/DE_D_allInOne_metaMeasurements_2025.xml,16/12/2025 14:00:25,10.402158278470871
Germany,http://gdi.uba.de/arcgis/rest/services/inspire/DE.UBA.AQD,2025,NET.DE_HE,"Hessisches Landesamt für Naturschutz, Umwelt und Geologiee",UTC+01,DEHE024,DEHE024,Witzenhausen/Wald,SPO.DE_DEHE024_NH3_dataGroup1,NH3,9.77459,51.29176,607,m,rural,background,21/10/2009 00:00:01,23/05/2013 00:00:00,SAM.DE_DEHE024_1,3.3,m,NA,,NA,,NA,,,NA,NA,0,NA,NA,NA,NA,Gutsbezirk Kaufunger Wald,NA,NA,NA,NA,NA,NA,NA,NA,NA,SPP.DE_DEHE024_NH3_automatic_chemi_Duration-30minute,21/10/2009 00:00:01,23/05/2013 00:00:00,automatic,chemi,NA,NA,NA,,NA,,,ref,,-999,ug.m-3,http://www.umweltbundesamt.de/luft/missingDocumentation.pdf,http://www.umweltbundesamt.de/luft/QAinPreparation.pdf,30,minute,1,variable,http://cdr.eionet.europa.eu/de/eu/aqd/d/colatkmnw/envathsw/DE_D_allInOne_metaMeasurements_2025.xml,16/12/2025 14:00:25,6.347632065197216
Germany,http://gdi.uba.de/arcgis/rest/services/inspire/DE.UBA.AQD,2025,NET.DE_HE,"Hessisches Landesamt für Naturschutz, Umwelt und Geologiee",UTC+01,DEHE026,DEHE026,Spessart,SPO.DE_DEHE026_NH3_dataGroup1,NH3,9.39944,50.16443,501,m,rural-regional,background,22/12/2005 00:00:01,01/01/2023 00:00:00,SAM.DE_DEHE026_1,3.7,m,NA,,NA,,NA,,,NA,NA,0,NA,NA,NA,NA,Jossgrund,NA,NA,NA,NA,NA,NA,NA,NA,NA,SPP.DE_DEHE026_NH3_automatic_chemi_Duration-30minute,22/12/2005 00:00:01,01/01/2023 00:00:00,automatic,chemi,NA,NA,NA,,NA,,,ref,,-999,ug.m-3,http://www.umweltbundesamt.de/luft/missingDocumentation.pdf,http://www.umweltbundesamt.de/luft/QAinPreparation.pdf,30,minute,1,variable,http://cdr.eionet.europa.eu/de/eu/aqd/d/colatkmnw/envathsw/DE_D_allInOne_metaMeasurements_2025.xml,16/12/2025 14:00:25,7.53823163409896
Germany,http://gdi.uba.de/arcgis/rest/services/inspire/DE.UBA.AQD,2025,NET.DE_HE,"Hessisches Landesamt für Naturschutz, Umwelt und Geologiee",UTC+01,DEHE028,DEHE028,Fürth/Odenwald,SPO.DE_DEHE028_NO_dataGroup1,NO,8.81725,49.65347,480,m,rural,background,01/10/1986 00:00:01,,SAM.DE_DEHE028_1,3.7,m,NA,,NA,,NA,,,NA,NA,0,NA,NA,NA,NA,Fürth,NA,NA,NA,NA,NA,NA,NA,NA,NA,SPP.DE_DEHE028_NO_automatic_chemi_Duration-30minute,01/10/1986 00:00:01,,automatic,chemi,NA,NA,NA,,NA,,,ref,,-999,ug.m-3,http://www.umweltbundesamt.de/luft/missingDocumentation.pdf,http://www.umweltbundesamt.de/luft/QAinPreparation.pdf,30,minute,1,variable,http://cdr.eionet.europa.eu/de/eu/aqd/d/colatkmnw/envathsw/DE_D_allInOne_metaMeasurements_2025.xml,16/12/2025 14:00:25,8.120224666133089
Germany,http://gdi.uba.de/arcgis/rest/services/inspire/DE.UBA.AQD,2025,NET.DE_HE,"Hessisches Landesamt für Naturschutz, Umwelt und Geologiee",UTC+01,DEHE039,DEHE039,Burg Herzberg,SPO.DE_DEHE039_NO_dataGroup1,NO,9.4594,50.77038,490,m,rural,background,07/09/2010 00:00:01,,SAM.DE_DEHE039_1,4,m,NA,,NA,,NA,,,NA,NA,0,NA,NA,NA,NA,Breitenbach a. Herzberg,NA,NA,NA,NA,NA,NA,NA,NA,NA,SPP.DE_DEHE039_NO_automatic_chemi_Duration-30minute,07/09/2010 00:00:01,,automatic,chemi,NA,NA,NA,,NA,,,ref,,-999,ug.m-3,http://www.umweltbundesamt.de/luft/missingDocumentation.pdf,http://www.umweltbundesamt.de/luft/QAinPreparation.pdf,30,minute,1,variable,http://cdr.eionet.europa.eu/de/eu/aqd/d/colatkmnw/envathsw/DE_D_allInOne_metaMeasurements_2025.xml,16/12/2025 14:00:25,8.40025377518582
Germany,http://gdi.uba.de/arcgis/rest/services/inspire/DE.UBA.AQD,2025,NET.DE_HE,"Hessisches Landesamt für Naturschutz, Umwelt und Geologiee",UTC+01,DEHE042,DEHE042,Linden,SPO.DE_DEHE042_CO_dataGroup1,CO,8.6844,50.53297,171,m,rural,background,01/05/1995 00:00:01,26/01/2023 00:00:00,SAM.DE_DEHE042_1,3.5,m,NA,,NA,,NA,,,NA,NA,0,NA,NA,NA,NA,Linden,NA,NA,NA,NA,NA,NA,NA,NA,NA,SPP.DE_DEHE042_CO_automatic_IR-GFC_Duration-30minute,01/05/1995 00:00:01,26/01/2023 00:00:00,automatic,IR-GFC,NA,NA,NA,,NA,,,ref,,-999,mg.m-3,http://www.umweltbundesamt.de/luft/missingDocumentation.pdf,http://www.umweltbundesamt.de/luft/QAinPreparation.pdf,30,minute,1,variable,http://cdr.eionet.europa.eu/de/eu/aqd/d/colatkmnw/envathsw/DE_D_allInOne_metaMeasurements_2025.xml,16/12/2025 14:00:25,17.194001840549827
Germany,http://gdi.uba.de/arcgis/rest/services/inspire/DE.UBA.AQD,2025,NET.DE_HE,"Hessisches Landesamt für Naturschutz, Umwelt und Geologiee",UTC+01,DEHE043,DEHE043,Riedstadt,SPO.DE_DEHE043_NO_dataGroup1,NO,8.5168,49.82517,90,m,rural-nearcity,background,01/04/1996 00:00:01,,SAM.DE_DEHE043_1,3.3,m,NA,,NA,,NA,,,NA,NA,0,NA,NA,NA,NA,Riedstadt,NA,NA,NA,NA,NA,NA,NA,NA,NA,SPP.DE_DEHE043_NO_automatic_chemi_Duration-30minute,01/04/1996 00:00:01,,automatic,chemi,NA,NA,NA,,NA,,,ref,,-999,ug.m-3,http://www.umweltbundesamt.de/luft/missingDocumentation.pdf,http://www.umweltbundesamt.de/luft/QAinPreparation.pdf,30,minute,1,variable,http://cdr.eionet.europa.eu/de/eu/aqd/d/colatkmnw/envathsw/DE_D_allInOne_metaMeasurements_2025.xml,16/12/2025 14:00:25,16.68009965504187
Germany,http://gdi.uba.de/arcgis/rest/services/inspire/DE.UBA.AQD,2025,NET.DE_HE,"Hessisches Landesamt für Naturschutz, Umwelt und Geologiee",UTC+01,DEHE046,DEHE046,Bad Arolsen,SPO.DE_DEHE046_NO_dataGroup1,NO,8.92817,51.4309,343,m,rural,background,01/06/1999 00:00:01,27/09/2023 00:00:00,SAM.DE_DEHE046_1,3.3,m,NA,,NA,,NA,,,NA,NA,0,NA,NA,NA,NA,Bad Arolsen,NA,NA,NA,NA,NA,NA,NA,NA,NA,SPP.DE_DEHE046_NO_automatic_chemi_Duration-30minute,01/06/1999 00:00:01,27/09/2023 00:00:00,automatic,chemi,NA,NA,NA,,NA,,,ref,,-999,ug.m-3,http://www.umweltbundesamt.de/luft/missingDocumentation.pdf,http://www.umweltbundesamt.de/luft/QAinPreparation.pdf,30,minute,1,variable,http://cdr.eionet.europa.eu/de/eu/aqd/d/colatkmnw/envathsw/DE_D_allInOne_metaMeasurements_2025.xml,16/12/2025 14:00:25,8.935610172610723
Germany,http://gdi.uba.de/arcgis/rest/services/inspire/DE.UBA.AQD,2025,NET.DE_HE,"Hessisches Landesamt für Naturschutz, Umwelt und Geologiee",UTC+01,DEHE050,DEHE050,Zierenberg,SPO.DE_DEHE050_NH3_dataGroup1,NH3,9.27123,51.36076,470,m,rural,background,22/05/2013 00:00:01,01/01/2023 00:00:00,SAM.DE_DEHE050_1,3.1,m,NA,,NA,,NA,,,NA,NA,0,NA,NA,NA,NA,Zierenberg,NA,NA,NA,NA,NA,NA,NA,NA,NA,SPP.DE_DEHE050_NH3_automatic_chemi_Duration-30minute,22/05/2013 00:00:01,01/01/2023 00:00:00,automatic,chemi,NA,NA,NA,,NA,,,ref,,-999,ug.m-3,http://www.umweltbundesamt.de/luft/missingDocumentation.pdf,http://www.umweltbundesamt.de/luft/QAinPreparation.pdf,30,minute,1,variable,http://cdr.eionet.europa.eu/de/eu/aqd/d/colatkmnw/envathsw/DE_D_allInOne_metaMeasurements_2025.xml,16/12/2025 14:00:25,8.549351293331798
Germany,http://gdi.uba.de/arcgis/rest/services/inspire/DE.UBA.AQD,2025,NET.DE_HE,"Hessisches Landesamt für Naturschutz, Umwelt und Geologiee",UTC+01,DEHE051,DEHE051,Wasserkuppe,SPO.DE_DEHE051_CO2_dataGroup1,CO2,9.93586,50.49771,950,m,rural,background,22/11/2001 00:00:01,,SAM.DE_DEHE051_1,3.7,m,NA,,NA,,NA,,,NA,NA,0,NA,NA,NA,NA,Gersfeld (Rhön),NA,NA,NA,NA,NA,NA,NA,NA,NA,SPP.DE_DEHE051_CO2_automatic_IR-GFC_Duration-30minute,22/11/2001 00:00:01,,automatic,IR-GFC,NA,NA,NA,,NA,,,ref,,-999,ppmv,http://www.umweltbundesamt.de/luft/missingDocumentation.pdf,http://www.umweltbundesamt.de/luft/QAinPreparation.pdf,30,minute,1,variable,http://cdr.eionet.europa.eu/de/eu/aqd/d/colatkmnw/envathsw/DE_D_allInOne_metaMeasurements_2025.xml,16/12/2025 14:00:25,5.258515904222451
Germany,http://gdi.uba.de/arcgis/rest/services/inspire/DE.UBA.AQD,2025,NET.DE_HE,"Hessisches Landesamt für Naturschutz, Umwelt und Geologiee",UTC+01,DEHE052,DEHE052,Kleiner Feldberg,SPO.DE_DEHE052_NO_dataGroup1,NO,8.44608,50.22194,824,m,rural,background,12/03/1992 00:00:01,,SAM.DE_DEHE052_1,3.5,m,NA,,NA,,NA,,,NA,NA,0,NA,NA,NA,NA,Glashütten,NA,NA,NA,NA,NA,NA,NA,NA,NA,SPP.DE_DEHE052_NO_automatic_chemi_Duration-30minute,12/03/1992 00:00:01,,automatic,chemi,NA,NA,NA,,NA,,,ref,,-999,ug.m-3,http://www.umweltbundesamt.de/luft/missingDocumentation.pdf,http://www.umweltbundesamt.de/luft/QAinPreparation.pdf,30,minute,1,variable,http://cdr.eionet.europa.eu/de/eu/aqd/d/colatkmnw/envathsw/DE_D_allInOne_metaMeasurements_2025.xml,16/12/2025 14:00:25,6.913816937492858
Germany,http://gdi.uba.de/arcgis/rest/services/inspire/DE.UBA.AQD,2025,NET.DE_HE,"Hessisches Landesamt für Naturschutz, Umwelt und Geologiee",UTC+01,DEHE060,DEHE060,Kellerwald,SPO.DE_DEHE060_NO_dataGroup1,NO,9.03175,51.15484,462,m,rural-regional,background,09/10/2005 00:00:01,,SAM.DE_DEHE060_1,3.2,m,NA,,NA,,NA,,,NA,NA,0,NA,NA,NA,NA,Edertal,NA,NA,NA,NA,NA,NA,NA,NA,NA,SPP.DE_DEHE060_NO_automatic_chemi_Duration-30minute,09/10/2005 00:00:01,,automatic,chemi,NA,NA,NA,,NA,,,ref,,-999,ug.m-3,http://www.umweltbundesamt.de/luft/missingDocumentation.pdf,http://www.umweltbundesamt.de/luft/QAinPreparation.pdf,30,minute,1,variable,http://cdr.eionet.europa.eu/de/eu/aqd/d/colatkmnw/envathsw/DE_D_allInOne_metaMeasurements_2025.xml,16/12/2025 14:00:25,6.500546806507243
Germany,http://gdi.uba.de/arcgis/rest/services/inspire/DE.UBA.AQD,2025,NET.DE_MV,"Landesamt für Umwelt, Naturschutz und Geologie, Mecklenburg-Vorpommern",UTC+01,DEMV004,DEMV004,Gülzow,SPO.DE_DEMV004_CHB_dataGroup3,C6H6,12.06471,53.81777,17,m,rural,background,01/03/2014 00:00:01,01/01/2019 00:00:00,SAM.DE_DEMV004_1,3.5,m,NA,,NA,,NA,,,NA,NA,0,NA,NA,NA,NA,Gülzow-Prüzen,NA,NA,NA,NA,NA,NA,NA,NA,NA,SPP.DE_DEMV004_CHB_passive_passiveadsorbant_GC_FID_Duration-1month_Cadence-1month,01/03/2014 00:00:01,01/01/2019 00:00:00,passive,,NA,NA,NA,passiveadsorbent,NA,GC-FID,,yes,www.lanuv.nrw.de,-999,ug.m-3,http://www.umweltbundesamt.de/luft/missingDocumentation.pdf,http://www.umweltbundesamt.de/luft/QAinPreparation.pdf,1,month,1,month,http://cdr.eionet.europa.eu/de/eu/aqd/d/colatkmnw/envathsw/DE_D_allInOne_metaMeasurements_2025.xml,16/12/2025 14:00:25,6.843800978792823
Germany,http://gdi.uba.de/arcgis/rest/services/inspire/DE.UBA.AQD,2025,NET.DE_MV,"Landesamt für Umwelt, Naturschutz und Geologie, Mecklenburg-Vorpommern",UTC+01,DEMV012,DEMV012,Löcknitz,SPO.DE_DEMV012_NO_dataGroup1,NO,14.25741,53.52046,17,m,rural,background,15/01/1994 00:00:01,,SAM.DE_DEMV012_1,3.5,m,NA,,NA,,NA,,,NA,NA,0,NA,NA,NA,NA,Rothenklempenow,NA,NA,NA,NA,NA,NA,NA,NA,NA,SPP.DE_DEMV012_NO_automatic_chemi_Duration-1hour,15/01/1994 00:00:01,,automatic,chemi,NA,NA,NA,,NA,,,ref,,-999,ug.m-3,http://www.umweltbundesamt.de/luft/missingDocumentation.pdf,http://www.umweltbundesamt.de/luft/QAinPreparation.pdf,1,hour,1,day,http://cdr.eionet.europa.eu/de/eu/aqd/d/colatkmnw/envathsw/DE_D_allInOne_metaMeasurements_2025.xml,16/12/2025 14:00:25,6.572471713519188
Germany,http://gdi.uba.de/arcgis/rest/services/inspire/DE.UBA.AQD,2025,NET.DE_MV,"Landesamt für Umwelt, Naturschutz und Geologie, Mecklenburg-Vorpommern",UTC+01,DEMV017,DEMV017,Göhlen,SPO.DE_DEMV017_NO_dataGroup1,NO,11.3733,53.3074,25,m,rural,background,01/02/1998 00:00:01,,SAM.DE_DEMV017_1,3.5,m,NA,,NA,,NA,,,NA,NA,0,NA,NA,NA,NA,Göhlen,NA,NA,NA,NA,NA,NA,NA,NA,NA,SPP.DE_DEMV017_NO_automatic_chemi_Duration-1hour,01/02/1998 00:00:01,,automatic,chemi,NA,NA,NA,,NA,,,ref,,-999,ug.m-3,http://www.umweltbundesamt.de/luft/missingDocumentation.pdf,http://www.umweltbundesamt.de/luft/QAinPreparation.pdf,1,hour,1,day,http://cdr.eionet.europa.eu/de/eu/aqd/d/colatkmnw/envathsw/DE_D_allInOne_metaMeasurements_2025.xml,16/12/2025 14:00:25,6.004551740032265
Germany,http://gdi.uba.de/arcgis/rest/services/inspire/DE.UBA.AQD,2025,NET.DE_MV,"Landesamt für Umwelt, Naturschutz und Geologie, Mecklenburg-Vorpommern",UTC+01,DEMV024,DEMV024,Leizen,SPO.DE_DEMV024_NO_dataGroup1,NO,12.46393,53.39635,116,m,rural,background,16/06/2010 00:00:01,,SAM.DE_DEMV024_1,3.5,m,NA,,NA,,NA,,,NA,NA,0,NA,NA,NA,NA,Leizen,NA,NA,NA,NA,NA,NA,NA,NA,NA,SPP.DE_DEMV024_NO_automatic_chemi_Duration-1hour,16/06/2010 00:00:01,,automatic,chemi,NA,NA,NA,,NA,,,ref,,-999,ug.m-3,http://www.umweltbundesamt.de/luft/missingDocumentation.pdf,http://www.umweltbundesamt.de/luft/QAinPreparation.pdf,1,hour,1,day,http://cdr.eionet.europa.eu/de/eu/aqd/d/colatkmnw/envathsw/DE_D_allInOne_metaMeasurements_2025.xml,16/12/2025 14:00:25,6.520525830258302
Germany,http://gdi.uba.de/arcgis/rest/services/inspire/DE.UBA.AQD,2025,NET.DE_MV,"Landesamt für Umwelt, Naturschutz und Geologie, Mecklenburg-Vorpommern",UTC+01,DEMV026,DEMV026,Garz,SPO.DE_DEMV026_NO_dataGroup1,NO,13.34214,54.32351,17,m,rural,background,01/01/2013 00:00:01,,SAM.DE_DEMV026_1,3.5,m,NA,,NA,,NA,,,NA,NA,0,NA,NA,NA,NA,Garz/Rügen,NA,NA,NA,NA,NA,NA,NA,NA,NA,SPP.DE_DEMV026_NO_automatic_chemi_Duration-1hour,01/01/2013 00:00:01,,automatic,chemi,NA,NA,NA,,NA,,,ref,,-999,ug.m-3,http://www.umweltbundesamt.de/luft/missingDocumentation.pdf,http://www.umweltbundesamt.de/luft/QAinPreparation.pdf,1,hour,1,day,http://cdr.eionet.europa.eu/de/eu/aqd/d/colatkmnw/envathsw/DE_D_allInOne_metaMeasurements_2025.xml,16/12/2025 14:00:25,4.3837766263673
Germany,http://gdi.uba.de/arcgis/rest/services/inspire/DE.UBA.AQD,2025,NET.DE_NI,Staatliches Gewerbeaufsichtsamt Hildesheim,UTC+01,DENI031,DENI031,Jadebusen,SPO.DE_DENI031_CHB_dataGroup3,C6H6,8.09059,53.59617,2,m,rural,background,01/01/2008 00:00:01,,SAM.DE_DENI031_1,3.2,m,NA,,NA,,NA,,,NA,NA,0,NA,NA,NA,NA,Wilhelmshaven,NA,NA,NA,NA,NA,NA,NA,NA,NA,SPP.DE_DENI031_CHB_passive_passiveadsorbant_GC_FID_Duration-1month_Cadence-1month,01/01/2008 00:00:01,,passive,,NA,NA,NA,passiveadsorbent,NA,GC-FID,,yes,http://www.luen-ni.de/equivalence/,-999,ug.m-3,http://www.umweltbundesamt.de/luft/missingDocumentation.pdf,http://www.umweltbundesamt.de/luft/QAinPreparation.pdf,1,month,1,month,http://cdr.eionet.europa.eu/de/eu/aqd/d/colatkmnw/envathsw/DE_D_allInOne_metaMeasurements_2025.xml,16/12/2025 14:00:25,10.45050467297783
Germany,http://gdi.uba.de/arcgis/rest/services/inspire/DE.UBA.AQD,2025,NET.DE_NI,Staatliches Gewerbeaufsichtsamt Hildesheim,UTC+01,DENI051,DENI051,Wurmberg,SPO.DE_DENI051_CO2_dataGroup1,CO2,10.61248,51.75816,939,m,rural,background,01/01/2023 00:00:01,,SAM.DE_DENI051_1,3.4,m,NA,,NA,,NA,,,NA,NA,0,NA,NA,NA,NA,Braunlage,NA,NA,NA,NA,NA,NA,NA,NA,NA,SPP.DE_DENI051_CO2_automatic_IR-GFC_Duration-1hour,01/01/2023 00:00:01,,automatic,IR-GFC,NA,NA,NA,,NA,,,no,,-999,ppmv,http://www.umweltbundesamt.de/luft/missingDocumentation.pdf,http://www.umweltbundesamt.de/luft/QAinPreparation.pdf,1,hour,1,variable,http://cdr.eionet.europa.eu/de/eu/aqd/d/colatkmnw/envathsw/DE_D_allInOne_metaMeasurements_2025.xml,16/12/2025 14:00:25,5.652281148373984
Germany,http://gdi.uba.de/arcgis/rest/services/inspire/DE.UBA.AQD,2025,NET.DE_NI,Staatliches Gewerbeaufsichtsamt Hildesheim,UTC+01,DENI058,DENI058,Ostfries. Inseln,SPO.DE_DENI058_NO_dataGroup1,NO,7.21398,53.7153,5,m,rural,background,01/01/2010 00:00:01,,SAM.DE_DENI058_1,3.7,m,NA,,NA,,NA,,,NA,NA,0,NA,NA,NA,NA,Norderney,NA,NA,NA,NA,NA,NA,NA,NA,NA,SPP.DE_DENI058_NO_automatic_chemi_Duration-1hour,01/01/2010 00:00:01,,automatic,chemi,NA,NA,NA,,NA,,,ref,,-999,ug.m-3,http://www.umweltbundesamt.de/luft/missingDocumentation.pdf,http://www.umweltbundesamt.de/luft/QAinPreparation.pdf,1,hour,1,variable,http://cdr.eionet.europa.eu/de/eu/aqd/d/colatkmnw/envathsw/DE_D_allInOne_metaMeasurements_2025.xml,16/12/2025 14:00:25,8.4557278180622
Germany,http://gdi.uba.de/arcgis/rest/services/inspire/DE.UBA.AQD,2025,NET.DE_NI,Staatliches Gewerbeaufsichtsamt Hildesheim,UTC+01,DENI059,DENI059,Elbmündung,SPO.DE_DENI059_NO_dataGroup1,NO,8.80122,53.83017,3,m,rural,background,01/01/2010 00:00:01,,SAM.DE_DENI059_1,3.4,m,NA,,NA,,NA,,,NA,NA,0,NA,NA,NA,NA,Cuxhaven,NA,NA,NA,NA,NA,NA,NA,NA,NA,SPP.DE_DENI059_NO_automatic_chemi_Duration-1hour,01/01/2010 00:00:01,,automatic,chemi,NA,NA,NA,,NA,,,ref,,-999,ug.m-3,http://www.umweltbundesamt.de/luft/missingDocumentation.pdf,http://www.umweltbundesamt.de/luft/QAinPreparation.pdf,1,hour,1,variable,http://cdr.eionet.europa.eu/de/eu/aqd/d/colatkmnw/envathsw/DE_D_allInOne_metaMeasurements_2025.xml,16/12/2025 14:00:25,11.104789652706723
Germany,http://gdi.uba.de/arcgis/rest/services/inspire/DE.UBA.AQD,2025,NET.DE_NI,Staatliches Gewerbeaufsichtsamt Hildesheim,UTC+01,DENI060,DENI060,Wendland,SPO.DE_DENI060_NO_dataGroup1,NO,11.16705,52.95702,16,m,rural,background,01/01/2010 00:00:01,,SAM.DE_DENI060_1,3.1,m,NA,,NA,,NA,,,NA,NA,0,NA,NA,NA,NA,Lüchow (Wendland),NA,NA,NA,NA,NA,NA,NA,NA,NA,SPP.DE_DENI060_NO_automatic_chemi_Duration-1hour,01/01/2010 00:00:01,,automatic,chemi,NA,NA,NA,,NA,,,ref,,-999,ug.m-3,http://www.umweltbundesamt.de/luft/missingDocumentation.pdf,http://www.umweltbundesamt.de/luft/QAinPreparation.pdf,1,hour,1,variable,http://cdr.eionet.europa.eu/de/eu/aqd/d/colatkmnw/envathsw/DE_D_allInOne_metaMeasurements_2025.xml,16/12/2025 14:00:25,9.883998129638439
Germany,http://gdi.uba.de/arcgis/rest/services/inspire/DE.UBA.AQD,2025,NET.DE_NI,Staatliches Gewerbeaufsichtsamt Hildesheim,UTC+01,DENI063,DENI063,Altes Land,SPO.DE_DENI063_NO_dataGroup1,NO,9.68503,53.52418,3,m,rural,background,01/01/2010 00:00:01,,SAM.DE_DENI063_1,3.3,m,NA,,NA,,NA,,,NA,NA,0,NA,NA,NA,NA,Jork,NA,NA,NA,NA,NA,NA,NA,NA,NA,SPP.DE_DENI063_NO_automatic_chemi_Duration-1hour,01/01/2010 00:00:01,,automatic,chemi,NA,NA,NA,,NA,,,ref,,-999,ug.m-3,http://www.umweltbundesamt.de/luft/missingDocumentation.pdf,http://www.umweltbundesamt.de/luft/QAinPreparation.pdf,1,hour,1,variable,http://cdr.eionet.europa.eu/de/eu/aqd/d/colatkmnw/envathsw/DE_D_allInOne_metaMeasurements_2025.xml,16/12/2025 14:00:25,13.102805908118388
Germany,http://gdi.uba.de/arcgis/rest/services/inspire/DE.UBA.AQD,2025,NET.DE_NI,Staatliches Gewerbeaufsichtsamt Hildesheim,UTC+01,DENI077,DENI077,Solling-Süd,SPO.DE_DENI077_CO2_dataGroup1,CO2,9.55462,51.70884,295,m,rural,background,01/01/2023 00:00:01,,SAM.DE_DENI077_1,3.4,m,NA,,NA,,NA,,,NA,NA,0,NA,NA,NA,NA,Solling (Landkreis Northeim),NA,NA,NA,NA,NA,NA,NA,NA,NA,SPP.DE_DENI077_CO2_automatic_IR-GFC_Duration-1hour,01/01/2023 00:00:01,,automatic,IR-GFC,NA,NA,NA,,NA,,,no,,-999,ppmv,http://www.umweltbundesamt.de/luft/missingDocumentation.pdf,http://www.umweltbundesamt.de/luft/QAinPreparation.pdf,1,hour,1,variable,http://cdr.eionet.europa.eu/de/eu/aqd/d/colatkmnw/envathsw/DE_D_allInOne_metaMeasurements_2025.xml,16/12/2025 14:00:25,8.401137997845344
Germany,http://gdi.uba.de/arcgis/rest/services/inspire/DE.UBA.AQD,2025,NET.DE_NW,"Landesamt für Natur, Umwelt und Verbraucherschutz NRW",UTC+01,DENW064,DENW064,Simmerath (Eifel),SPO.DE_DENW064_CHB_dataGroup3,C6H6,6.28101,50.65323,580,m,rural-regional,background,01/01/2001 00:00:01,,SAM.DE_DENW064_1,3.6,m,NA,,NA,,NA,,,NA,NA,0,NA,NA,NA,NA,Simmerath,NA,NA,NA,NA,NA,NA,NA,NA,NA,SPP.DE_DENW064_CHB_passive_passiveadsorbant_GC_FID_Duration-1month_Cadence-1month,01/01/2001 00:00:01,,passive,,NA,NA,NA,passiveadsorbent,NA,GC-FID,,yes,http://cdr.eionet.europa.eu/de/eu/aqd/documents/colvjhlgw/envvjhtpg/,-999,ug.m-3,http://www.umweltbundesamt.de/luft/missingDocumentation.pdf,http://www.umweltbundesamt.de/luft/QAinPreparation.pdf,1,month,1,month,http://cdr.eionet.europa.eu/de/eu/aqd/d/colatkmnw/envathsw/DE_D_allInOne_metaMeasurements_2025.xml,16/12/2025 14:00:25,5.50900986920333
Germany,http://gdi.uba.de/arcgis/rest/services/inspire/DE.UBA.AQD,2025,NET.DE_NW,"Landesamt für Natur, Umwelt und Verbraucherschutz NRW",UTC+01,DENW065,DENW065,Netphen Rothaargebirge,SPO.DE_DENW065_NO_dataGroup1,NO,8.19191,50.93033,641,m,rural-regional,background,01/02/1986 00:00:01,,SAM.DE_DENW065_1,3.5,m,NA,,NA,,NA,,,NA,NA,0,NA,NA,NA,NA,Netphen,NA,NA,NA,NA,NA,NA,NA,NA,NA,SPP.DE_DENW065_NO_automatic_chemi_Duration-1hour,01/02/1986 00:00:01,,automatic,chemi,NA,NA,NA,,NA,,,ref,,-999,ug.m-3,http://www.umweltbundesamt.de/luft/missingDocumentation.pdf,http://www.umweltbundesamt.de/luft/QAinPreparation.pdf,1,hour,1,variable,http://cdr.eionet.europa.eu/de/eu/aqd/d/colatkmnw/envathsw/DE_D_allInOne_metaMeasurements_2025.xml,16/12/2025 14:00:25,5.582890639923591
Germany,http://gdi.uba.de/arcgis/rest/services/inspire/DE.UBA.AQD,2025,NET.DE_NW,"Landesamt für Natur, Umwelt und Verbraucherschutz NRW",UTC+01,DENW066,DENW066,Nettetal-Kaldenkirchen,SPO.DE_DENW066_NO_dataGroup1,NO,6.19583,51.32693,47,m,rural-nearcity,background,01/12/1987 00:00:01,,SAM.DE_DENW066_1,3.5,m,NA,,NA,,NA,,,NA,NA,0,NA,NA,NA,NA,Nettetal,NA,NA,NA,NA,NA,NA,NA,NA,NA,SPP.DE_DENW066_NO_automatic_chemi_Duration-1hour,01/12/1987 00:00:01,,automatic,chemi,NA,NA,NA,,NA,,,ref,,-999,ug.m-3,http://www.umweltbundesamt.de/luft/missingDocumentation.pdf,http://www.umweltbundesamt.de/luft/QAinPreparation.pdf,1,hour,1,variable,http://cdr.eionet.europa.eu/de/eu/aqd/d/colatkmnw/envathsw/DE_D_allInOne_metaMeasurements_2025.xml,16/12/2025 14:00:25,19.600676726708816
Germany,http://gdi.uba.de/arcgis/rest/services/inspire/DE.UBA.AQD,2025,NET.DE_NW,"Landesamt für Natur, Umwelt und Verbraucherschutz NRW",UTC+01,DENW068,DENW068,Soest-Ost,SPO.DE_DENW068_NO_dataGroup1,NO,8.14802,51.57067,108,m,rural-nearcity,background,01/03/1989 00:00:01,,SAM.DE_DENW068_1,3.5,m,NA,,NA,,NA,,,NA,NA,0,NA,NA,NA,NA,Soest,NA,NA,NA,NA,NA,NA,NA,NA,NA,SPP.DE_DENW068_NO_automatic_chemi_Duration-1hour,01/03/1989 00:00:01,,automatic,chemi,NA,NA,NA,,NA,,,ref,,-999,ug.m-3,http://www.umweltbundesamt.de/luft/missingDocumentation.pdf,http://www.umweltbundesamt.de/luft/QAinPreparation.pdf,1,hour,1,variable,http://cdr.eionet.europa.eu/de/eu/aqd/d/colatkmnw/envathsw/DE_D_allInOne_metaMeasurements_2025.xml,16/12/2025 14:00:25,12.6704145887607
Germany,http://gdi.uba.de/arcgis/rest/services/inspire/DE.UBA.AQD,2025,NET.DE_NW,"Landesamt für Natur, Umwelt und Verbraucherschutz NRW",UTC+01,DENW081,DENW081,Borken-Gemen,SPO.DE_DENW081_NO_dataGroup1,NO,6.87447,51.86204,44,m,rural-nearcity,background,11/09/1998 00:00:01,,SAM.DE_DENW081_1,3.5,m,NA,,NA,,NA,,,NA,NA,0,NA,NA,NA,NA,Borken,NA,NA,NA,NA,NA,NA,NA,NA,NA,SPP.DE_DENW081_NO_automatic_chemi_Duration-1hour,11/09/1998 00:00:01,,automatic,chemi,NA,NA,NA,,NA,,,ref,,-999,ug.m-3,http://www.umweltbundesamt.de/luft/missingDocumentation.pdf,http://www.umweltbundesamt.de/luft/QAinPreparation.pdf,1,hour,1,variable,http://cdr.eionet.europa.eu/de/eu/aqd/d/colatkmnw/envathsw/DE_D_allInOne_metaMeasurements_2025.xml,16/12/2025 14:00:25,18.700023451379842
Germany,http://gdi.uba.de/arcgis/rest/services/inspire/DE.UBA.AQD,2025,NET.DE_RP,Landesamt für Umwelt Rheinland-Pfalz,UTC+01,DERP013,DERP013,Westpfalz-Dunzweiler,SPO.DE_DERP013_CH4_dataGroup1,CH4,7.29354,49.42312,460,m,rural,background,27/02/2019 00:00:01,,SAM.DE_DERP013_1,3.5,m,NA,,NA,,NA,,,NA,NA,0,NA,NA,NA,NA,Dunzweiler,NA,NA,NA,NA,NA,NA,NA,NA,NA,SPP.DE_DERP013_CH4_automatic_GC_Duration-30minute,27/02/2019 00:00:01,,automatic,,NA,NA,NA,,NA,,,ref,,-999,ug.m-3,http://www.umweltbundesamt.de/luft/missingDocumentation.pdf,http://www.umweltbundesamt.de/luft/QAinPreparation.pdf,30,minute,1,variable,http://cdr.eionet.europa.eu/de/eu/aqd/d/colatkmnw/envathsw/DE_D_allInOne_metaMeasurements_2025.xml,16/12/2025 14:00:25,7.241495722068648
Germany,http://gdi.uba.de/arcgis/rest/services/inspire/DE.UBA.AQD,2025,NET.DE_RP,Landesamt für Umwelt Rheinland-Pfalz,UTC+01,DERP014,DERP014,Hunsrück-Leisel,SPO.DE_DERP014_CH4_dataGroup1,CH4,7.19341,49.7409,650,m,rural,background,14/02/2019 00:00:01,,SAM.DE_DERP014_1,3.5,m,NA,,NA,,NA,,,NA,NA,0,NA,NA,NA,NA,Siesbach,NA,NA,NA,NA,NA,NA,NA,NA,NA,SPP.DE_DERP014_CH4_automatic_GC_Duration-30minute,14/02/2019 00:00:01,,automatic,,NA,NA,NA,,NA,,,ref,,-999,ug.m-3,http://www.umweltbundesamt.de/luft/missingDocumentation.pdf,http://www.umweltbundesamt.de/luft/QAinPreparation.pdf,30,minute,1,variable,http://cdr.eionet.europa.eu/de/eu/aqd/d/colatkmnw/envathsw/DE_D_allInOne_metaMeasurements_2025.xml,16/12/2025 14:00:25,5.223881745032732
Germany,http://gdi.uba.de/arcgis/rest/services/inspire/DE.UBA.AQD,2025,NET.DE_RP,Landesamt für Umwelt Rheinland-Pfalz,UTC+01,DERP015,DERP015,Westeifel Wascheid,SPO.DE_DERP015_CH4_dataGroup1,CH4,6.37808,50.26655,680,m,rural,background,19/12/2022 00:00:01,,SAM.DE_DERP015_1,3.5,m,NA,,NA,,NA,,,NA,NA,0,NA,NA,NA,NA,Gondenbrett,NA,NA,NA,NA,NA,NA,NA,NA,NA,SPP.DE_DERP015_CH4_automatic_GC-FID_Duration-30minute,19/12/2022 00:00:01,,automatic,GC-FID,NA,NA,NA,,NA,,,noRef,,-999,ug.m-3,http://www.umweltbundesamt.de/luft/missingDocumentation.pdf,http://www.umweltbundesamt.de/luft/QAinPreparation.pdf,30,minute,1,variable,http://cdr.eionet.europa.eu/de/eu/aqd/d/colatkmnw/envathsw/DE_D_allInOne_metaMeasurements_2025.xml,16/12/2025 14:00:25,5.2702833026422065
Germany,http://gdi.uba.de/arcgis/rest/services/inspire/DE.UBA.AQD,2025,NET.DE_RP,Landesamt für Umwelt Rheinland-Pfalz,UTC+01,DERP016,DERP016,Westerwald-Herdorf,SPO.DE_DERP016_NO_dataGroup1,NO,7.97354,50.76682,480,m,rural,background,01/01/1984 00:00:01,,SAM.DE_DERP016_1,3.5,m,NA,,NA,,NA,,,NA,NA,0,NA,NA,NA,NA,Herdorf,NA,NA,NA,NA,NA,NA,NA,NA,NA,SPP.DE_DERP016_NO_automatic_chemi_Duration-30minute,01/01/1984 00:00:01,,automatic,chemi,NA,NA,NA,,NA,,,ref,,-999,ug.m-3,http://www.umweltbundesamt.de/luft/missingDocumentation.pdf,http://www.umweltbundesamt.de/luft/QAinPreparation.pdf,30,minute,1,variable,http://cdr.eionet.europa.eu/de/eu/aqd/d/colatkmnw/envathsw/DE_D_allInOne_metaMeasurements_2025.xml,16/12/2025 14:00:25,7.560888234409605
Germany,http://gdi.uba.de/arcgis/rest/services/inspire/DE.UBA.AQD,2025,NET.DE_RP,Landesamt für Umwelt Rheinland-Pfalz,UTC+01,DERP017,DERP017,Pfälzerwald-Hortenkopf,SPO.DE_DERP017_CH4_dataGroup1,CH4,7.82641,49.27026,600,m,rural,background,27/01/1998 00:00:01,,SAM.DE_DERP017_1,3.5,m,NA,,NA,,NA,,,NA,NA,0,NA,NA,NA,NA,Merzalben,NA,NA,NA,NA,NA,NA,NA,NA,NA,SPP.DE_DERP017_CH4_automatic_GC-FID_Duration-30minute,27/01/1998 00:00:01,,automatic,GC-FID,NA,NA,NA,,NA,,,ref,,-999,ug.m-3,http://www.umweltbundesamt.de/luft/missingDocumentation.pdf,http://www.umweltbundesamt.de/luft/QAinPreparation.pdf,30,minute,1,variable,http://cdr.eionet.europa.eu/de/eu/aqd/d/colatkmnw/envathsw/DE_D_allInOne_metaMeasurements_2025.xml,16/12/2025 14:00:25,4.99686961990844
Germany,http://gdi.uba.de/arcgis/rest/services/inspire/DE.UBA.AQD,2025,NET.DE_RP,Landesamt für Umwelt Rheinland-Pfalz,UTC+01,DERP028,DERP028,Westerwald-Neuhäusel,SPO.DE_DERP028_NO_dataGroup1,NO,7.72991,50.42429,540,m,rural,background,01/01/1994 00:00:01,,SAM.DE_DERP028_1,3.5,m,NA,,NA,,NA,,,NA,NA,0,NA,NA,NA,NA,Montabaur,NA,NA,NA,NA,NA,NA,NA,NA,NA,SPP.DE_DERP028_NO_automatic_chemi_Duration-30minute,01/01/1994 00:00:01,,automatic,chemi,NA,NA,NA,,NA,,,ref,,-999,ug.m-3,http://www.umweltbundesamt.de/luft/missingDocumentation.pdf,http://www.umweltbundesamt.de/luft/QAinPreparation.pdf,30,minute,1,variable,http://cdr.eionet.europa.eu/de/eu/aqd/d/colatkmnw/envathsw/DE_D_allInOne_metaMeasurements_2025.xml,16/12/2025 14:00:25,8.176327655471917
Germany,http://gdi.uba.de/arcgis/rest/services/inspire/DE.UBA.AQD,2025,NET.DE_SH,Landesamt für Umwelt des Landes Schleswig-Holstein,UTC+01,DESH008,DESH008,Bornhöved,SPO.DE_DESH008_CHB_dataGroup3,C6H6,10.2406,54.09323,45,m,rural-regional,background,01/08/2000 00:00:01,01/01/2021 00:00:00,SAM.DE_DESH008_1,3.5,m,NA,,NA,,NA,,,NA,NA,0,NA,NA,NA,NA,Ruhwinkel,NA,NA,NA,NA,NA,NA,NA,NA,NA,SPP.DE_DESH008_CHB_passive_passiveadsorbant_GC_FID_Duration-1month_Cadence-1month,01/08/2000 00:00:01,01/01/2021 00:00:00,passive,,NA,NA,NA,passiveadsorbent,NA,GC-FID,,yes,http://cdr.eionet.europa.eu/de/eu/aqd/documents/envunufua/,-999,ug.m-3,http://www.umweltbundesamt.de/luft/missingDocumentation.pdf,http://www.umweltbundesamt.de/luft/QAinPreparation.pdf,1,month,1,month,http://cdr.eionet.europa.eu/de/eu/aqd/d/colatkmnw/envathsw/DE_D_allInOne_metaMeasurements_2025.xml,16/12/2025 14:00:25,9.15983633031726
Germany,http://gdi.uba.de/arcgis/rest/services/inspire/DE.UBA.AQD,2025,NET.DE_SH,Landesamt für Umwelt des Landes Schleswig-Holstein,UTC+01,DESH056,DESH056,Eggebek,SPO.DE_DESH056_NO2_dataGroup1,NO2,9.36367,54.61667,14,m,rural-regional,background,19/01/2017 00:00:01,,SAM.DE_DESH056_1,3.5,m,NA,,NA,,NA,,,NA,NA,0,NA,NA,NA,NA,Eggebek,NA,NA,NA,NA,NA,NA,NA,NA,NA,SPP.DE_DESH056_NO2_automatic_chemi_Duration-30minute,19/01/2017 00:00:01,,automatic,chemi,NA,NA,NA,,NA,,,ref,,-999,ug.m-3,http://www.umweltbundesamt.de/luft/missingDocumentation.pdf,http://www.umweltbundesamt.de/luft/QAinPreparation.pdf,30,minute,1,variable,http://cdr.eionet.europa.eu/de/eu/aqd/d/colatkmnw/envathsw/DE_D_allInOne_metaMeasurements_2025.xml,16/12/2025 14:00:25,9.194277043269231
Germany,http://gdi.uba.de/arcgis/rest/services/inspire/DE.UBA.AQD,2025,NET.DE_SL,Landesamt für Umwelt- und Arbeitsschutz,UTC+01,DESL019,DESL019,Biringen,SPO.DE_DESL019_CHB_dataGroup3,C6H6,6.55204,49.41688,339,m,rural-regional,background,01/03/2003 00:00:01,,SAM.DE_DESL019_1,3.4,m,NA,,NA,,NA,,,NA,NA,0,NA,NA,NA,NA,Rehlingen-Siersburg,NA,NA,NA,NA,NA,NA,NA,NA,NA,SPP.DE_DESL019_CHB_passive_passiveadsorbant_GC_FID_Duration-1month_Cadence-1month,01/03/2003 00:00:01,,passive,,NA,NA,NA,passiveadsorbent,NA,GC-FID,,yes,http://cdr.eionet.europa.eu/de/eu/aqd/documents/envunufua/,-999,ug.m-3,http://www.umweltbundesamt.de/luft/missingDocumentation.pdf,http://www.umweltbundesamt.de/luft/QAinPreparation.pdf,1,month,1,month,http://cdr.eionet.europa.eu/de/eu/aqd/d/colatkmnw/envathsw/DE_D_allInOne_metaMeasurements_2025.xml,16/12/2025 14:00:25,9.226796160877514
Germany,http://gdi.uba.de/arcgis/rest/services/inspire/DE.UBA.AQD,2025,NET.DE_SN,"Sächsisches Landesamt für Umwelt, Landwirtschaft und Geologie",UTC+01,DESN051,DESN051,Radebeul-Wahnsdorf,SPO.DE_DESN051_Bulk_As_dataGroup3,As,13.67501,51.11951,246,m,rural-nearcity,background,01/01/2015 00:00:01,,SAM.DE_DESN051_3,4,m,NA,,NA,,NA,,,NA,NA,0,NA,NA,NA,NA,Radebeul,NA,NA,NA,NA,NA,NA,NA,NA,NA,SPP.DE_DESN051_Bulk_As_passive_deposition-wetdry_GF_AAS_Duration-1month_Cadence-1month,01/01/2015 00:00:01,,passive,,NA,NA,NA,deposition-wetdry,NA,GF-AAS,,ref,,-999,ug.m-2.day-1,http://www.umweltbundesamt.de/luft/missingDocumentation.pdf,http://www.umweltbundesamt.de/luft/QAinPreparation.pdf,1,month,1,month,http://cdr.eionet.europa.eu/de/eu/aqd/d/colatkmnw/envathsw/DE_D_allInOne_metaMeasurements_2025.xml,16/12/2025 14:00:25,12.431592388812472
Germany,http://gdi.uba.de/arcgis/rest/services/inspire/DE.UBA.AQD,2025,NET.DE_SN,"Sächsisches Landesamt für Umwelt, Landwirtschaft und Geologie",UTC+01,DESN052,DESN052,Zinnwald,SPO.DE_DESN052_Bulk_As_dataGroup3,As,13.75145,50.73148,877,m,rural-regional,background,01/01/2015 00:00:01,,SAM.DE_DESN052_3,1.8,m,NA,,NA,,NA,,,NA,NA,0,NA,NA,NA,NA,Altenberg,NA,NA,NA,NA,NA,NA,NA,NA,NA,SPP.DE_DESN052_Bulk_As_passive_deposition-wetdry_GF_AAS_Duration-1month_Cadence-1month,01/01/2015 00:00:01,,passive,,NA,NA,NA,deposition-wetdry,NA,GF-AAS,,ref,,-999,ug.m-2.day-1,http://www.umweltbundesamt.de/luft/missingDocumentation.pdf,http://www.umweltbundesamt.de/luft/QAinPreparation.pdf,1,month,1,month,http://cdr.eionet.europa.eu/de/eu/aqd/d/colatkmnw/envathsw/DE_D_allInOne_metaMeasurements_2025.xml,16/12/2025 14:00:25,6.719808987472704
Germany,http://gdi.uba.de/arcgis/rest/services/inspire/DE.UBA.AQD,2025,NET.DE_SN,"Sächsisches Landesamt für Umwelt, Landwirtschaft und Geologie",UTC+01,DESN074,DESN074,Schwartenberg,SPO.DE_DESN074_CHB_dataGroup1,C6H6,13.46508,50.6591,785,m,rural-regional,background,15/01/1999 00:00:01,,SAM.DE_DESN074_1,3.7,m,NA,,NA,,NA,,,NA,NA,0,NA,NA,NA,NA,Neuhausen/Erzgeb.,NA,NA,NA,NA,NA,NA,NA,NA,NA,SPP.DE_DESN074_CHB_automatic_GC_Duration-1hour,15/01/1999 00:00:01,,automatic,,NA,NA,NA,,NA,,,ref,,-999,ug.m-3,http://www.umweltbundesamt.de/luft/missingDocumentation.pdf,http://www.umweltbundesamt.de/luft/QAinPreparation.pdf,1,hour,1,variable,http://cdr.eionet.europa.eu/de/eu/aqd/d/colatkmnw/envathsw/DE_D_allInOne_metaMeasurements_2025.xml,16/12/2025 14:00:25,7.685232846546129
Germany,http://gdi.uba.de/arcgis/rest/services/inspire/DE.UBA.AQD,2025,NET.DE_SN,"Sächsisches Landesamt für Umwelt, Landwirtschaft und Geologie",UTC+01,DESN076,DESN076,Collmberg,SPO.DE_DESN076_NO_dataGroup1,NO,13.00941,51.30377,313,m,rural-remote,background,01/10/1998 00:00:01,01/01/2022 00:00:00,SAM.DE_DESN076_1,3.7,m,NA,,NA,,NA,,,NA,NA,0,NA,NA,NA,NA,Wermsdorf,NA,NA,NA,NA,NA,NA,NA,NA,NA,SPP.DE_DESN076_NO_automatic_chemi_Duration-1hour,01/10/1998 00:00:01,01/01/2022 00:00:00,automatic,chemi,NA,NA,NA,,NA,,,ref,,-999,ug.m-3,http://www.umweltbundesamt.de/luft/missingDocumentation.pdf,http://www.umweltbundesamt.de/luft/QAinPreparation.pdf,1,hour,1,variable,http://cdr.eionet.europa.eu/de/eu/aqd/d/colatkmnw/envathsw/DE_D_allInOne_metaMeasurements_2025.xml,16/12/2025 14:00:25,8.636825020158968
Germany,http://gdi.uba.de/arcgis/rest/services/inspire/DE.UBA.AQD,2025,NET.DE_SN,"Sächsisches Landesamt für Umwelt, Landwirtschaft und Geologie",UTC+01,DESN079,DESN079,Niesky,SPO.DE_DESN079_NO_dataGroup1,NO,14.74973,51.28536,148,m,rural-regional,background,21/12/2009 00:00:01,,SAM.DE_DESN079_1,3.8,m,NA,,NA,,NA,,,NA,NA,0,NA,NA,NA,NA,Quitzdorf am See,NA,NA,NA,NA,NA,NA,NA,NA,NA,SPP.DE_DESN079_NO_automatic_chemi_Duration-1hour,21/12/2009 00:00:01,,automatic,chemi,NA,NA,NA,,NA,,,ref,,-999,ug.m-3,http://www.umweltbundesamt.de/luft/missingDocumentation.pdf,http://www.umweltbundesamt.de/luft/QAinPreparation.pdf,1,hour,1,variable,http://cdr.eionet.europa.eu/de/eu/aqd/d/colatkmnw/envathsw/DE_D_allInOne_metaMeasurements_2025.xml,16/12/2025 14:00:25,8.341097327576147
Germany,http://gdi.uba.de/arcgis/rest/services/inspire/DE.UBA.AQD,2025,NET.DE_SN,"Sächsisches Landesamt für Umwelt, Landwirtschaft und Geologie",UTC+01,DESN093,DESN093,Brockau,SPO.DE_DESN093_Bulk_As_dataGroup3,As,12.21111,50.60814,430,m,rural-regional,background,01/01/2021 00:00:01,,SAM.DE_DESN093_3,4,m,NA,,NA,,NA,,,NA,NA,0,NA,NA,NA,NA,Netzschkau,NA,NA,NA,NA,NA,NA,NA,NA,NA,SPP.DE_DESN093_Bulk_As_passive_deposition-wetdry_GF_AAS_Duration-1month_Cadence-1month,01/01/2021 00:00:01,,passive,,NA,NA,NA,deposition-wetdry,NA,GF-AAS,,ref,,-999,ug.m-2.day-1,http://www.umweltbundesamt.de/luft/missingDocumentation.pdf,http://www.umweltbundesamt.de/luft/QAinPreparation.pdf,1,month,1,month,http://cdr.eionet.europa.eu/de/eu/aqd/d/colatkmnw/envathsw/DE_D_allInOne_metaMeasurements_2025.xml,16/12/2025 14:00:25,8.547994275901546
Germany,http://gdi.uba.de/arcgis/rest/services/inspire/DE.UBA.AQD,2025,NET.DE_ST,Landesamt für Umweltschutz Sachsen-Anhalt,UTC+01,DEST039,DEST039,Brocken,SPO.DE_DEST039_CO2_dataGroup1,CO2,10.61828,51.79863,1130,m,rural-remote,background,10/09/1996 00:00:01,01/01/2013 00:00:00,SAM.DE_DEST039_1,6.4,m,NA,,NA,,NA,,,NA,NA,0,NA,NA,NA,NA,Wernigerode,NA,NA,NA,NA,NA,NA,NA,NA,NA,SPP.DE_DEST039_CO2_automatic_IR-GFC_Duration-30minute,10/09/1996 00:00:01,01/01/2013 00:00:00,automatic,IR-GFC,NA,NA,NA,,NA,,,ref,,-999,ppmv,http://www.umweltbundesamt.de/luft/missingDocumentation.pdf,http://www.umweltbundesamt.de/luft/QAinPreparation.pdf,30,minute,1,variable,http://cdr.eionet.europa.eu/de/eu/aqd/d/colatkmnw/envathsw/DE_D_allInOne_metaMeasurements_2025.xml,16/12/2025 14:00:25,3.5893263823900816
Germany,http://gdi.uba.de/arcgis/rest/services/inspire/DE.UBA.AQD,2025,NET.DE_ST,Landesamt für Umweltschutz Sachsen-Anhalt,UTC+01,DEST089,DEST089,Zartau/Waldstation,SPO.DE_DEST089_Bulk_As_dataGroup3,As,11.17233,52.59314,95,m,rural-regional,background,01/01/2007 00:00:01,,SAM.DE_DEST089_3,1.5,m,NA,,NA,,NA,,,NA,NA,0,NA,NA,NA,NA,Klötze,NA,NA,NA,NA,NA,NA,NA,NA,NA,SPP.DE_DEST089_Bulk_As_passive_deposition-wetdry_ICP_MS_Duration-1year_Cadence-1month,01/01/2007 00:00:01,,passive,,NA,NA,NA,deposition-wetdry,NA,ICP-MS,,ref,,-999,ug.m-2.day-1,http://www.umweltbundesamt.de/luft/missingDocumentation.pdf,http://www.umweltbundesamt.de/luft/QAinPreparation.pdf,1,year,1,month,http://cdr.eionet.europa.eu/de/eu/aqd/d/colatkmnw/envathsw/DE_D_allInOne_metaMeasurements_2025.xml,16/12/2025 14:00:25,6.3495816129785245
Germany,http://gdi.uba.de/arcgis/rest/services/inspire/DE.UBA.AQD,2025,NET.DE_ST,Landesamt für Umweltschutz Sachsen-Anhalt,UTC+01,DEST098,DEST098,Unterharz / Friedrichsbrunn,SPO.DE_DEST098_Bulk_As_dataGroup3,As,11.04339,51.66243,419,m,rural-regional,background,01/01/2007 00:00:01,,SAM.DE_DEST098_3,3.5,m,NA,,NA,,NA,,,NA,NA,0,NA,NA,NA,NA,Harzgerode,NA,NA,NA,NA,NA,NA,NA,NA,NA,SPP.DE_DEST098_Bulk_As_passive_deposition-wetdry_ICP_MS_Duration-1year_Cadence-1month,01/01/2007 00:00:01,,passive,,NA,NA,NA,deposition-wetdry,NA,ICP-MS,,ref,,-999,ug.m-2.day-1,http://www.umweltbundesamt.de/luft/missingDocumentation.pdf,http://www.umweltbundesamt.de/luft/QAinPreparation.pdf,1,year,1,month,http://cdr.eionet.europa.eu/de/eu/aqd/d/colatkmnw/envathsw/DE_D_allInOne_metaMeasurements_2025.xml,16/12/2025 14:00:25,4.324972206064783
Germany,http://gdi.uba.de/arcgis/rest/services/inspire/DE.UBA.AQD,2025,NET.DE_ST,Landesamt für Umweltschutz Sachsen-Anhalt,UTC+01,DEST104,DEST104,Domäne Bobbe,SPO.DE_DEST104_NO_dataGroup1,NO,11.89141,51.83731,72,m,rural,background,17/12/2009 00:00:01,,SAM.DE_DEST104_1,3.4,m,NA,,NA,,NA,,,NA,NA,0,NA,NA,NA,NA,Osternienburger Land,NA,NA,NA,NA,NA,NA,NA,NA,NA,SPP.DE_DEST104_NO_automatic_chemi_Duration-30minute,17/12/2009 00:00:01,,automatic,chemi,NA,NA,NA,,NA,,,ref,,-999,ug.m-3,http://www.umweltbundesamt.de/luft/missingDocumentation.pdf,http://www.umweltbundesamt.de/luft/QAinPreparation.pdf,30,minute,1,variable,http://cdr.eionet.europa.eu/de/eu/aqd/d/colatkmnw/envathsw/DE_D_allInOne_metaMeasurements_2025.xml,16/12/2025 14:00:25,9.35443745905222
Germany,http://gdi.uba.de/arcgis/rest/services/inspire/DE.UBA.AQD,2025,NET.DE_TH,"Thüringer Landesamt für Umwelt, Bergbau und Naturschutz",UTC+01,DETH026,DETH026,Dreißigacker,SPO.DE_DETH026_NO_dataGroup1,NO,10.3753,50.56175,450,m,rural-regional,background,25/03/1999 00:00:01,,SAM.DE_DETH026_1,3.8,m,NA,,NA,,NA,,,NA,NA,0,NA,NA,NA,NA,Meiningen,NA,NA,NA,NA,NA,NA,NA,NA,NA,SPP.DE_DETH026_NO_automatic_chemi_Duration-30minute,25/03/1999 00:00:01,,automatic,chemi,NA,NA,NA,,NA,,,ref,,-999,ug.m-3,http://www.umweltbundesamt.de/luft/missingDocumentation.pdf,http://www.umweltbundesamt.de/luft/QAinPreparation.pdf,30,minute,1,variable,http://cdr.eionet.europa.eu/de/eu/aqd/d/colatkmnw/envathsw/DE_D_allInOne_metaMeasurements_2025.xml,16/12/2025 14:00:25,8.995247622713592
Germany,http://gdi.uba.de/arcgis/rest/services/inspire/DE.UBA.AQD,2025,NET.DE_TH,"Thüringer Landesamt für Umwelt, Bergbau und Naturschutz",UTC+01,DETH027,DETH027,Neuhaus,SPO.DE_DETH027_NO_dataGroup1,NO,11.13459,50.49995,840,m,rural-remote,background,25/11/1999 00:00:01,,SAM.DE_DETH027_1,4.6,m,NA,,NA,,NA,,,NA,NA,0,NA,NA,NA,NA,Neuhaus am Rennweg,NA,NA,NA,NA,NA,NA,NA,NA,NA,SPP.DE_DETH027_NO_automatic_chemi_Duration-30minute,25/11/1999 00:00:01,,automatic,chemi,NA,NA,NA,,NA,,,ref,,-999,ug.m-3,http://www.umweltbundesamt.de/luft/missingDocumentation.pdf,http://www.umweltbundesamt.de/luft/QAinPreparation.pdf,30,minute,1,variable,http://cdr.eionet.europa.eu/de/eu/aqd/d/colatkmnw/envathsw/DE_D_allInOne_metaMeasurements_2025.xml,16/12/2025 14:00:25,5.456065852119958
Germany,http://gdi.uba.de/arcgis/rest/services/inspire/DE.UBA.AQD,2025,NET.DE_TH,"Thüringer Landesamt für Umwelt, Bergbau und Naturschutz",UTC+01,DETH040,DETH040,Großer Eisenberg,SPO.DE_DETH040_NO_dataGroup1,NO,10.78714,50.61918,907,m,rural-remote,background,04/12/1994 00:00:01,25/03/2014 00:00:00,SAM.DE_DETH040_1,3.5,m,NA,,NA,,NA,,,NA,NA,0,NA,NA,NA,NA,Schmiedefeld am Rennsteig,NA,NA,NA,NA,NA,NA,NA,NA,NA,SPP.DE_DETH040_NO_automatic_chemi_Duration-30minute,04/12/1994 00:00:01,25/03/2014 00:00:00,automatic,chemi,NA,NA,NA,,NA,,,ref,,-999,ug.m-3,http://www.umweltbundesamt.de/luft/missingDocumentation.pdf,http://www.umweltbundesamt.de/luft/QAinPreparation.pdf,30,minute,1,variable,http://cdr.eionet.europa.eu/de/eu/aqd/d/colatkmnw/envathsw/DE_D_allInOne_metaMeasurements_2025.xml,16/12/2025 14:00:25,4.3904586493318885
Germany,http://gdi.uba.de/arcgis/rest/services/inspire/DE.UBA.AQD,2025,NET.DE_TH,"Thüringer Landesamt für Umwelt, Bergbau und Naturschutz",UTC+01,DETH042,DETH042,Possen,SPO.DE_DETH042_NO_dataGroup1,NO,10.86719,51.33333,420,m,rural-remote,background,12/01/1996 00:00:01,,SAM.DE_DETH042_1,4.6,m,NA,,NA,,NA,,,NA,NA,0,NA,NA,NA,NA,Sondershausen,NA,NA,NA,NA,NA,NA,NA,NA,NA,SPP.DE_DETH042_NO_automatic_chemi_Duration-30minute,12/01/1996 00:00:01,,automatic,chemi,NA,NA,NA,,NA,,,ref,,-999,ug.m-3,http://www.umweltbundesamt.de/luft/missingDocumentation.pdf,http://www.umweltbundesamt.de/luft/QAinPreparation.pdf,30,minute,1,variable,http://cdr.eionet.europa.eu/de/eu/aqd/d/colatkmnw/envathsw/DE_D_allInOne_metaMeasurements_2025.xml,16/12/2025 14:00:25,5.731505713058419
Germany,http://gdi.uba.de/arcgis/rest/services/inspire/DE.UBA.AQD,2025,NET.DE_TH,"Thüringer Landesamt für Umwelt, Bergbau und Naturschutz",UTC+01,DETH061,DETH061,Hummelshain,SPO.DE_DETH061_NO_dataGroup1,NO,11.66123,50.79162,357,m,rural-remote,background,07/10/1999 00:00:01,,SAM.DE_DETH061_1,4.6,m,NA,,NA,,NA,,,NA,NA,0,NA,NA,NA,NA,Trockenborn-Wolfersdorf,NA,NA,NA,NA,NA,NA,NA,NA,NA,SPP.DE_DETH061_NO_automatic_chemi_Duration-30minute,07/10/1999 00:00:01,,automatic,chemi,NA,NA,NA,,NA,,,ref,,-999,ug.m-3,http://www.umweltbundesamt.de/luft/missingDocumentation.pdf,http://www.umweltbundesamt.de/luft/QAinPreparation.pdf,30,minute,1,variable,http://cdr.eionet.europa.eu/de/eu/aqd/d/colatkmnw/envathsw/DE_D_allInOne_metaMeasurements_2025.xml,16/12/2025 14:00:25,5.704372492414442
Germany,http://gdi.uba.de/arcgis/rest/services/inspire/DE.UBA.AQD,2025,NET.DE_UB,Umweltbundesamt Luftmessnetz,UTC+01,DEUB001,DEUB001,Westerland,SPO.DE_DEUB001_Bulk_As_dataGroup3,As,8.30802,54.92313,12,m,rural,background,01/01/1998 00:00:01,,SAM.DE_DEUB001_3,1.8,m,NA,,NA,,NA,,,NA,NA,0,NA,NA,NA,NA,Sylt,NA,NA,NA,NA,NA,NA,NA,NA,NA,SPP.DE_DEUB001_Bulk_As_passive_deposition-wet_ICP_MS_Duration-1week_Cadence-1week,01/01/1998 00:00:01,,passive,,NA,NA,NA,deposition-wet,NA,ICP-MS,,ref,,-999,ug.m-2.day-1,http://www.umweltbundesamt.de/luft/missingDocumentation.pdf,http://www.umweltbundesamt.de/luft/QAinPreparation.pdf,1,week,1,week,http://cdr.eionet.europa.eu/de/eu/aqd/d/colatkmnw/envathsw/DE_D_allInOne_metaMeasurements_2025.xml,16/12/2025 14:00:25,5.123743404191165
Germany,http://gdi.uba.de/arcgis/rest/services/inspire/DE.UBA.AQD,2025,NET.DE_UB,Umweltbundesamt Luftmessnetz,UTC+01,DEUB004,DEUB004,Schauinsland,SPO.DE_DEUB004_13BD_dataGroup3,CH2=CH-CH=CH2,7.90398,47.91287,1205,m,rural-regional,background,01/07/2004 00:00:01,,SAM.DE_DEUB004_1,12,m,NA,,NA,,NA,,,NA,NA,0,NA,NA,NA,NA,Oberried,NA,NA,NA,NA,NA,NA,NA,NA,NA,SPP.DE_DEUB004_13BD_active_canister_GC_FID_Duration-30minute_Cadence-3day,01/07/2004 00:00:01,,active,,NA,NA,NA,canister,NA,GC-FID,,no,,-999,ug.m-3,http://www.umweltbundesamt.de/luft/missingDocumentation.pdf,http://www.umweltbundesamt.de/luft/QAinPreparation.pdf,30,minute,1,variable,http://cdr.eionet.europa.eu/de/eu/aqd/d/colatkmnw/envathsw/DE_D_allInOne_metaMeasurements_2025.xml,16/12/2025 14:00:25,2.0693179106524964
Germany,http://gdi.uba.de/arcgis/rest/services/inspire/DE.UBA.AQD,2025,NET.DE_UB,Umweltbundesamt Luftmessnetz,UTC+01,DEUB005,DEUB005,Waldhof,SPO.DE_DEUB005_13BD_dataGroup3,CH2=CH-CH=CH2,10.75613,52.80088,74,m,rural,background,01/01/1998 00:00:01,,SAM.DE_DEUB005_1,7,m,NA,,NA,,NA,,,NA,NA,0,NA,NA,NA,NA,Lüder,NA,NA,NA,NA,NA,NA,NA,NA,NA,SPP.DE_DEUB005_13BD_active_canister_GC_FID_Duration-30minute_Cadence-3day,01/01/1998 00:00:01,,active,,NA,NA,NA,canister,NA,GC-FID,,no,,-999,ug.m-3,http://www.umweltbundesamt.de/luft/missingDocumentation.pdf,http://www.umweltbundesamt.de/luft/QAinPreparation.pdf,30,minute,1,variable,http://cdr.eionet.europa.eu/de/eu/aqd/d/colatkmnw/envathsw/DE_D_allInOne_metaMeasurements_2025.xml,16/12/2025 14:00:25,6.637390728476821
Germany,http://gdi.uba.de/arcgis/rest/services/inspire/DE.UBA.AQD,2025,NET.DE_UB,Umweltbundesamt Luftmessnetz,UTC+01,DEUB028,DEUB028,Zingst,SPO.DE_DEUB028_13BD_dataGroup3,CH2=CH-CH=CH2,12.72496,54.43684,1,m,rural,background,01/01/2000 00:00:01,,SAM.DE_DEUB028_1,6.5,m,NA,,NA,,NA,,,NA,NA,0,NA,NA,NA,NA,Zingst,NA,NA,NA,NA,NA,NA,NA,NA,NA,SPP.DE_DEUB028_13BD_active_canister_GC_FID_Duration-30minute_Cadence-3day,01/01/2000 00:00:01,,active,,NA,NA,NA,canister,NA,GC-FID,,no,,-999,ug.m-3,http://www.umweltbundesamt.de/luft/missingDocumentation.pdf,http://www.umweltbundesamt.de/luft/QAinPreparation.pdf,30,minute,1,variable,http://cdr.eionet.europa.eu/de/eu/aqd/d/colatkmnw/envathsw/DE_D_allInOne_metaMeasurements_2025.xml,16/12/2025 14:00:25,5.197794011976048
Germany,http://gdi.uba.de/arcgis/rest/services/inspire/DE.UBA.AQD,2025,NET.DE_UB,Umweltbundesamt Luftmessnetz,UTC+01,DEUB029,DEUB029,Schmücke,SPO.DE_DEUB029_13BD_dataGroup3,CH2=CH-CH=CH2,10.76939,50.65455,937,m,rural,background,01/01/1998 00:00:01,,SAM.DE_DEUB029_1,16.5,m,NA,,NA,,NA,,,NA,NA,0,NA,NA,NA,NA,Suhl,NA,NA,NA,NA,NA,NA,NA,NA,NA,SPP.DE_DEUB029_13BD_active_canister_GC_FID_Duration-30minute_Cadence-3day,01/01/1998 00:00:01,,active,,NA,NA,NA,canister,NA,GC-FID,,no,,-999,ug.m-3,http://www.umweltbundesamt.de/luft/missingDocumentation.pdf,http://www.umweltbundesamt.de/luft/QAinPreparation.pdf,30,minute,1,variable,http://cdr.eionet.europa.eu/de/eu/aqd/d/colatkmnw/envathsw/DE_D_allInOne_metaMeasurements_2025.xml,16/12/2025 14:00:25,4.3904586493318885
Germany,http://gdi.uba.de/arcgis/rest/services/inspire/DE.UBA.AQD,2025,NET.DE_UB,Umweltbundesamt Luftmessnetz,UTC+01,DEUB030,DEUB030,Neuglobsow,SPO.DE_DEUB030_13BD_dataGroup3,CH2=CH-CH=CH2,13.03228,53.14234,65,m,rural-regional,background,01/01/2005 00:00:01,,SAM.DE_DEUB030_1,6.4,m,NA,,NA,,NA,,,NA,NA,0,NA,NA,NA,NA,Stechlin,NA,NA,NA,NA,NA,NA,NA,NA,NA,SPP.DE_DEUB030_13BD_active_canister_GC_FID_Duration-30minute_Cadence-3day,01/01/2005 00:00:01,,active,,NA,NA,NA,canister,NA,GC-FID,,no,,-999,ug.m-3,http://www.umweltbundesamt.de/luft/missingDocumentation.pdf,http://www.umweltbundesamt.de/luft/QAinPreparation.pdf,30,minute,1,variable,http://cdr.eionet.europa.eu/de/eu/aqd/d/colatkmnw/envathsw/DE_D_allInOne_metaMeasurements_2025.xml,16/12/2025 14:00:25,4.248033126293996
Germany,http://gdi.uba.de/arcgis/rest/services/inspire/DE.UBA.AQD,2025,NET.DE_UB,Umweltbundesamt Luftmessnetz,UTC+01,DEUB046,DEUB046,Forellenbach,SPO.DE_DEUB046_NO_dataGroup1,NO,13.42057,48.94761,858,m,rural-remote,background,15/10/2003 00:00:01,01/01/2015 00:00:00,SAM.DE_DEUB046_1,3.5,m,NA,,NA,,NA,,,NA,NA,0,NA,NA,NA,NA,,NA,NA,NA,NA,NA,NA,NA,NA,NA,SPP.DE_DEUB046_NO_automatic_chemi_Duration-30minute,15/10/2003 00:00:01,01/01/2015 00:00:00,automatic,chemi,NA,NA,NA,,NA,,,no,,-999,ug.m-3,http://www.umweltbundesamt.de/luft/missingDocumentation.pdf,http://www.umweltbundesamt.de/luft/QAinPreparation.pdf,30,minute,1,variable,http://cdr.eionet.europa.eu/de/eu/aqd/d/colatkmnw/envathsw/DE_D_allInOne_metaMeasurements_2025.xml,16/12/2025 14:00:25,4.333945993031359
